day,total_day,class
0.5,0.9,1
0.1,0.1,0
0.4,0.12,0
0.3,0.4689,1
0.77,1,1
0.129,0.1456,0
0.7568,0.1248,1
0.6,0.45,1
0.11,0.689,1
1,0.2,1
0.99999,0.00001,1
0.0023,0.12345,0
0.1278,0.14568,0
0.689,0.1345,1
0.145,0.12457,0
0.8845,0.1245,1
0.8645,0.3478,1
